#miRNA:	mmu-miR-1a-3p
mut/seq	T	G	G	A	A	T	G	T	A	A	A	G	A	A	G	T	A	T	G	T
A	0.003807	0.009519	0.011422	0.000000	0.000000	0.004759	0.011422	0.009519	0.000000	0.000000	0.000000	0.011422	0.000000	0.000000	0.007615	0.016182	0.000000	0.018085	0.018085	0.009519
C	0.001904	0.000952	0.010470	0.001904	0.000000	0.006663	0.003807	0.010470	0.001904	0.000952	0.000952	0.002856	0.000952	0.000952	0.004759	0.010470	0.005711	0.010470	0.007615	0.005711
G	0.008567	0.000000	0.000000	0.010470	0.013326	0.000000	0.000000	0.001904	0.013326	0.009519	0.013326	0.000000	0.007615	0.011422	0.000000	0.002856	0.000000	0.001904	0.000000	0.000000
T	0.000000	0.015893	0.018284	0.006663	0.005711	0.000000	0.022845	0.000000	0.007615	0.002856	0.008567	0.011422	0.004759	0.007615	0.044726	0.000000	0.000000	0.000000	0.010363	0.000000
