#miRNA:	mmu-miR-124-3p
mut/seq	T	A	A	G	G	C	A	C	G	C	G	G	T	G	A	A	T	G	C	C
A	0.220526	0.000000	0.000000	0.183206	0.159457	0.054283	0.000000	0.050891	0.067854	0.037320	0.047498	0.047498	0.040712	0.234097	0.000000	0.000000	0.006785	0.016964	0.033927	0.044105
C	0.078032	0.071247	0.010178	0.400339	1.411366	0.000000	1.207803	0.000000	0.061069	0.000000	0.033927	0.132316	0.030534	0.159457	0.159457	0.315522	0.044105	0.037320	0.000000	0.000000
G	0.003393	0.057676	0.237489	0.000000	0.000000	0.458015	0.108567	0.230704	0.000000	0.037320	0.000000	0.000000	0.006785	0.000000	0.037320	0.040712	0.037320	0.000000	0.067854	0.003393
T	0.000000	0.050891	0.023749	2.642918	10.900763	16.536047	0.603902	4.946565	0.424088	1.000848	0.498728	0.888889	0.000000	0.356234	0.115352	0.213740	0.000000	0.196777	0.139101	0.098388
