pos,n_SMBs,mean_signal_pos
2,10,1.0719643395627299
3,3,0.6765921073151596
4,2,0.6525102573146354
5,10,0.987467500211331
