pos,rpm_als,rpm_ctrl,frac_als,frac_ctrl
2,1048.7583975750317,0,0.03697588375479504,0
3,1180.4951159567856,0,0.04162050123426882,0
4,903.0510431366131,23.711985090558585,0.03183870610511788,0.003205691494639572
5,1143.8471895766165,25.444091119131826,0.04032841197060171,0.0034398598927051585
6,17765.84709740473,5991.658185838589,0.6263672344345664,0.81002951088975494
7,6321.309644927687,1356.0251188493546,0.22286926250065006,0.1833249377229002
