pos,n_als,n_ctrl,frac_als,frac_ctrl,p,p_adj
2,446,0,0.08253145817912658,0,5.446098422194745e-54,3.2676590533168468e-53
3,217,0,0.04015544041450777,0,6.213195070960536e-26,9.319792606440804e-26
4,387,20,0.07161361954108068,0.012150668286755772,3.5517352086092074e-25,4.262082250331049e-25
5,497,24,0.09196891191709844,0.014580801944106925,1.3481168071102448e-33,4.044350421330734e-33
6,2482,1032,0.45928941524796446,0.6269744835965978,5.967856948911348e-33,1.1935713897822696e-32
7,1375,570,0.25444115470022205,0.3462940461725395,7.7356086203459e-13,7.7356086203459e-13
